variant_id,chr,ref,alt,pos,seq_before,seq_after
chr13_43039322_A_T_b38,chr13,A,T,43039322,CATTAAAGGTAATGTGAGAGTGACTTCAGATTGTTGCTTGAAGGCATAAGCTCTGGTCTggaattaggatacctgggctctagtccagtgtagaattgttgctgcaatttgcaagtcatgtaacttctcgggccctcagtgtcttcctcataaaatgtgggttttggctaatgttctctgtcatttttttcaactctatgattccgtgaCATTGACTTAATTTATTATTACAGTCAGAAATGTCAACAAAACATTCGTGGAAACTATTGAAAATGGAACAGAAACATCTTTTTGTATAAAATTATAGTGTTTCTATAGAAGTCTGTGTGTGCCTTTGCATGTACCTTTCCATGCAATCAAACAGAAATGAAAAGTTTCCAGAAAAGGTCAACAAGTAAATTTACTGAGGGGAGAAGTGTGTGATTGAGTGTCTAGGAGTCTCAGGGGGTGGAGACACCAAGGGAAGGCTAATTTGAAGACATAGGCAAAATAGTTCAGAAC,CATTAAAGGTAATGTGAGAGTGACTTCAGATTGTTGCTTGAAGGCATAAGCTCTGGTCTggaattaggatacctgggctctagtccagtgtagaattgttgctgcaatttgcaagtcatgtaacttctcgggccctcagtgtcttcctcataaaatgtgggttttggctaatgttctctgtcatttttttcaactctatgattccgtgaCATTGACTTAATTTATTATTACAGTCAGAAATGTCAACAAATCATTCGTGGAAACTATTGAAAATGGAACAGAAACATCTTTTTGTATAAAATTATAGTGTTTCTATAGAAGTCTGTGTGTGCCTTTGCATGTACCTTTCCATGCAATCAAACAGAAATGAAAAGTTTCCAGAAAAGGTCAACAAGTAAATTTACTGAGGGGAGAAGTGTGTGATTGAGTGTCTAGGAGTCTCAGGGGGTGGAGACACCAAGGGAAGGCTAATTTGAAGACATAGGCAAAATAGTTCAGAAC
chr6_31407340_T_G_b38,chr6,T,G,31407340,atgtcattagtgttttgatagggattgcattgaatctgtagattactttgggtagtatggatatttcaacaaaactgattcttccaatccatgaacgtggactatcttttccattttttgtgtccttcaattttttgcatcagtgttttttgtttttggtttttgagatggagtttcactcttgttgcccaggctagaatgcaagggtgtgatcttggctcaccgcaacctccgcctcccaggttcaagctattcttctgcctcagcctcccaagtagctgggattacaggcatgtgccactgtgcctggctaattttctatttttattagagatggggtttctctatgttggccaggctagtcttgaactcctgacctcaggtgatccacctgcctcggcctcccaaagtgctgggattacaggcatgagccaccacgcccagccacatcactgttttatagtttttattggagaggtctttcacttcttcagttaggtt,atgtcattagtgttttgatagggattgcattgaatctgtagattactttgggtagtatggatatttcaacaaaactgattcttccaatccatgaacgtggactatcttttccattttttgtgtccttcaattttttgcatcagtgttttttgtttttggtttttgagatggagtttcactcttgttgcccaggctagaatgcaagggtgtgatcttggctcaccgcaacctccgcctcccaggttcaagcGattcttctgcctcagcctcccaagtagctgggattacaggcatgtgccactgtgcctggctaattttctatttttattagagatggggtttctctatgttggccaggctagtcttgaactcctgacctcaggtgatccacctgcctcggcctcccaaagtgctgggattacaggcatgagccaccacgcccagccacatcactgttttatagtttttattggagaggtctttcacttcttcagttaggtt
chr10_47980440_C_T_b38,chr10,C,T,47980440,gaaatcacaatgaaaattagaaaattatttgaaatgaatgaaaataaaatcacaacatatcaaagtgtatgggatgcagtcaaagcaatacttagggagacttttatagctgtaaatgcctatattaaaaagaagaaagatctcgataacccagacttccaccttaagaaagtagaaaaggaagcgcaaactaagcccaaagcaagcagaaagaagaaaataataaagattgtagtggaaataaataaaacggaatagaaaaaacactaagggaaaaaacaagagtaattgcttcactgaaaagagcaataaaattagtaaacctttagcttgactgagaagaaaaaagttatgtgccctatttcattccctatacattaaattattaaattattaatgtatagggaattaaattattaaattaataatgtttagagaatgaaatagggcacaccactaccacctcatagaaataaaaggattataaaggaatactataaa,gaaatcacaatgaaaattagaaaattatttgaaatgaatgaaaataaaatcacaacatatcaaagtgtatgggatgcagtcaaagcaatacttagggagacttttatagctgtaaatgcctatattaaaaagaagaaagatctcgataacccagacttccaccttaagaaagtagaaaaggaagcgcaaactaagcccaaagcaagcagaaagaagaaaataataaagattgtagtggaaataaataaaaTggaatagaaaaaacactaagggaaaaaacaagagtaattgcttcactgaaaagagcaataaaattagtaaacctttagcttgactgagaagaaaaaagttatgtgccctatttcattccctatacattaaattattaaattattaatgtatagggaattaaattattaaattaataatgtttagagaatgaaatagggcacaccactaccacctcatagaaataaaaggattataaaggaatactataaa
chr17_8106013_A_C_b38,chr17,A,C,8106013,tggatgcagtgatgtggtggtgcatgcctgtagtcccagctaccagggaggctgaggcatgaggatcacttgagcctgggaggtcaaggctgcagtgagctgtgatcacaccactgcactccagtctgagcatcaaagtgagaccccgcctcaaaaaaaaaaaaaaaaaaaaaaaGCCAGAGTAGGAAGGCACGGGGTATTAACAGGGTGAGGGAACAGGGAGGGGACCTAATTGGAGGTGAGGCTGCAGAGGCATGCAGGGCCATGTGGTTTCTGGGCAGTATTTCAGAGGATTAGCAGGGTGGTGGCCCTGCAGGCTTGGCGGGCAAGCAGCGAGaggctgggagaggtgggactggttgagaagcagctgccacaattccagagcactatgaggaagactacaactagggtggtgacagtagggatCAGCCACCTAACTGGATTTAGGAAGACAGAGAGGGAAACATGAGTCAAAGAGAACTAAGGTTTGGAGTCAGG,tggatgcagtgatgtggtggtgcatgcctgtagtcccagctaccagggaggctgaggcatgaggatcacttgagcctgggaggtcaaggctgcagtgagctgtgatcacaccactgcactccagtctgagcatcaaagtgagaccccgcctcaaaaaaaaaaaaaaaaaaaaaaaGCCAGAGTAGGAAGGCACGGGGTATTAACAGGGTGAGGGAACAGGGAGGGGACCTAATTGGAGGTGAGGCTGCAGCGGCATGCAGGGCCATGTGGTTTCTGGGCAGTATTTCAGAGGATTAGCAGGGTGGTGGCCCTGCAGGCTTGGCGGGCAAGCAGCGAGaggctgggagaggtgggactggttgagaagcagctgccacaattccagagcactatgaggaagactacaactagggtggtgacagtagggatCAGCCACCTAACTGGATTTAGGAAGACAGAGAGGGAAACATGAGTCAAAGAGAACTAAGGTTTGGAGTCAGG
chr6_37636844_C_T_b38,chr6,C,T,37636844,TTGTAGGGTGGAGTGGGGAAGTTATCAGTCTTCAGACTGCCCAGGCCCAAGACCCTGTGCTGGGTCCCTTCAAAGGGTGCACACTGAGGAGGGAAATATGGTGTCCCAGAAATAGGTCAAGGAATCTGGGGTGACCTATGGTCTCCACCATCCAGTGCTCACTCTGGACAGAATCGTGTGCAGCAGGTGCCCTACCTTCCTTGTCTCCTGGACGTGGGACAGTCACAGAGCTCGCAAAGTCCCACCTGTTCGTCCTCTGATCCCTGCCTCTCCCATCTCAGGAGTCCCAGAGTCTGACCAAGGGAGGGGCTCCATGTCTGCCCCACTTCTGGCTCCCTTCTGGCAAAGCCACCAGGCTGGAGTTCGGCCTTGACTTAGGGGACAGGGTAAAGTCAGAAGCACACCACGAGTGCAGCAAGGACAAGGCCTATGTTGCGCCGAGGTCCCTGGGTTGGCGGATGCCATTCAGGCAAGTCCCCTGTCTTTGCAGTAAAGAAGGTG,TTGTAGGGTGGAGTGGGGAAGTTATCAGTCTTCAGACTGCCCAGGCCCAAGACCCTGTGCTGGGTCCCTTCAAAGGGTGCACACTGAGGAGGGAAATATGGTGTCCCAGAAATAGGTCAAGGAATCTGGGGTGACCTATGGTCTCCACCATCCAGTGCTCACTCTGGACAGAATCGTGTGCAGCAGGTGCCCTACCTTCCTTGTCTCCTGGACGTGGGACAGTCACAGAGCTCGCAAAGTCCCACCTGTTTGTCCTCTGATCCCTGCCTCTCCCATCTCAGGAGTCCCAGAGTCTGACCAAGGGAGGGGCTCCATGTCTGCCCCACTTCTGGCTCCCTTCTGGCAAAGCCACCAGGCTGGAGTTCGGCCTTGACTTAGGGGACAGGGTAAAGTCAGAAGCACACCACGAGTGCAGCAAGGACAAGGCCTATGTTGCGCCGAGGTCCCTGGGTTGGCGGATGCCATTCAGGCAAGTCCCCTGTCTTTGCAGTAAAGAAGGTG
chr17_40685709_G_A_b38,chr17,G,A,40685709,CCACTTTGATTTTTTTTTTAATTCAAACAGTTTCTATTTGCagagtcatagattttagagctagacgataagtaccttagtaatcaccaactcccttgctttgcagaaaaaaatgaggcttagagatagatacttttagaggaatgacttatctaaggttacatggtgagctttgagacaacctaagactgagactcaggcctaccaagtcAATGAAAAATACAGCAACTTCCTTATGTATTATTAGTTTGATCAAAGTTTCCCTATGGCTAAAGTGTAATTCCCAGAAGATAAAGATGCTGCTGCCATCCTTGTTCCTATTTTGCTTCTCCTGAAACATTGGACACTTAATAAATTCTTATCATGAATGCTCCTAAGTGAAAAATTGATTTTAAAAGTGACACATAGCTATTCAAGtttgtttatttatttatttattctttgagacagagtcttgtcctgttgcccaggctgcgatgcattggcgcgatctcagttcac,CCACTTTGATTTTTTTTTTAATTCAAACAGTTTCTATTTGCagagtcatagattttagagctagacgataagtaccttagtaatcaccaactcccttgctttgcagaaaaaaatgaggcttagagatagatacttttagaggaatgacttatctaaggttacatggtgagctttgagacaacctaagactgagactcaggcctaccaagtcAATGAAAAATACAGCAACTTCCTTATGTATTATTAGTTTAATCAAAGTTTCCCTATGGCTAAAGTGTAATTCCCAGAAGATAAAGATGCTGCTGCCATCCTTGTTCCTATTTTGCTTCTCCTGAAACATTGGACACTTAATAAATTCTTATCATGAATGCTCCTAAGTGAAAAATTGATTTTAAAAGTGACACATAGCTATTCAAGtttgtttatttatttatttattctttgagacagagtcttgtcctgttgcccaggctgcgatgcattggcgcgatctcagttcac
chr21_5089937_T_C_b38,chr21,T,C,5089937,cactccttgtttaacatataatcaagaaatgaccaaaataagcataagaatattcagctgagcagcccagccctccgcactgcctctggagtagccattctttattcctttactctattaataaacttctcacttgactctctggactcaccctgaactccttcctgtgtgaggtccaagaaccctctcttggtgtctggatcaggactcctttctggtaacaCAAGCACACAGAGACGTCTCCAGGGAGTGGGAGGGCCCACTGAGCAGGCCGCAGAGGCAGAGGCTGAGCGCCATCCCACACACTCATCACCAGGGGACGGGCCACCCACACCACACCGGCAGCCCCCTCATACCCCCATGCTCCAGCCCAGAAGGCTGCCCTGGGCCGGCTCTCTATGCTGCCTCGATTTCCCCCTTTCTAGGCCTTGCTTGGGATGAAGGTCACTGCACACCAGATGTCTGCACGTACCGGAGCAGAGCGGGGCCGCCTGGAGCCCC,cactccttgtttaacatataatcaagaaatgaccaaaataagcataagaatattcagctgagcagcccagccctccgcactgcctctggagtagccattctttattcctttactctattaataaacttctcacttgactctctggactcaccctgaactccttcctgtgtgaggtccaagaaccctctcttggtgtctggatcaggactcctttctggtaacaCAAGCACACAGAGACGTCTCCAGGGAGCGGGAGGGCCCACTGAGCAGGCCGCAGAGGCAGAGGCTGAGCGCCATCCCACACACTCATCACCAGGGGACGGGCCACCCACACCACACCGGCAGCCCCCTCATACCCCCATGCTCCAGCCCAGAAGGCTGCCCTGGGCCGGCTCTCTATGCTGCCTCGATTTCCCCCTTTCTAGGCCTTGCTTGGGATGAAGGTCACTGCACACCAGATGTCTGCACGTACCGGAGCAGAGCGGGGCCGCCTGGAGCCCC
chr19_1364856_T_C_b38,chr19,T,C,1364856,AGATGTAGTTACTTAAATTTCATGAATTTTTATTCCATCCATCTTTAGTTCTTGATAATTTGATCAGGATAAATGTTTTCATTGTTTTGTTTTTCCTGGGAAAAGTTGGTGGGTTTTTAGAAAAGACTTCAGGAGATGCCTGTACCTAAATTAAGGCACAATGGTGTTAAGTTGATAGGCCACATTTTCACCAAGCAGGCTTAGAAAGACCTACTCGAAAAAAATATTTGCggccgggtgcagtggttcatgcctgtaatcccagcactttgggaggccgaagtgggtggatcacctgaggtcgggagttcgagaccagcctggccaacatggtgaaaccctgactctactaaaaatacaaaaaattagccgggcgtggtggcgtgcgcctgtaatcccagctactcgggaggctgaggcaggagaatggcgtgaacccgagaggtagaggttgcagtgagccaagactgtgccattgtactccagcctgggtgacagagt,AGATGTAGTTACTTAAATTTCATGAATTTTTATTCCATCCATCTTTAGTTCTTGATAATTTGATCAGGATAAATGTTTTCATTGTTTTGTTTTTCCTGGGAAAAGTTGGTGGGTTTTTAGAAAAGACTTCAGGAGATGCCTGTACCTAAATTAAGGCACAATGGTGTTAAGTTGATAGGCCACATTTTCACCAAGCAGGCTTAGAAAGACCTACTCGAAAAAAATATTTGCggccgggtgcagtggttcaCgcctgtaatcccagcactttgggaggccgaagtgggtggatcacctgaggtcgggagttcgagaccagcctggccaacatggtgaaaccctgactctactaaaaatacaaaaaattagccgggcgtggtggcgtgcgcctgtaatcccagctactcgggaggctgaggcaggagaatggcgtgaacccgagaggtagaggttgcagtgagccaagactgtgccattgtactccagcctgggtgacagagt
chr20_384050_T_C_b38,chr20,T,C,384050,actagcactgtCTTCATTGTTAGTGGCTGCACTGCCACTATTCCACAGTATAAACCCACTTTTCATGACACTGCCAAGACATAAGGGTCTGAAATACTTAACAGTTTTCTTCCACAGTCCCCAAAATACAGGCTtctcccccagctcaggacatgaagccatcatccctcctcattgcaggagccaaaggctggacctcacctcgattccaccctctccttcacccctcacatccaatccatccagtccatccagtctgccactgagtcctcttgatcttcctcctatgagcccttaacttcgcgtctccatctagcaccccctagtccaggtcaccttctcctgcctggactcgtgcttgtgtgggcctcctagctagtctcactgccccgtcttgtactttcaaatccaccctaaaagcatgatgttcccctgctgaaatccttcagtggctccccactgcctttggataattccaaatcctattgtgtgttaattagg,actagcactgtCTTCATTGTTAGTGGCTGCACTGCCACTATTCCACAGTATAAACCCACTTTTCATGACACTGCCAAGACATAAGGGTCTGAAATACTTAACAGTTTTCTTCCACAGTCCCCAAAATACAGGCTtctcccccagctcaggacatgaagccatcatccctcctcattgcaggagccaaaggctggacctcacctcgattccaccctctccttcacccctcacatccaatccatccagtccaCccagtctgccactgagtcctcttgatcttcctcctatgagcccttaacttcgcgtctccatctagcaccccctagtccaggtcaccttctcctgcctggactcgtgcttgtgtgggcctcctagctagtctcactgccccgtcttgtactttcaaatccaccctaaaagcatgatgttcccctgctgaaatccttcagtggctccccactgcctttggataattccaaatcctattgtgtgttaattagg
chr2_113185893_A_G_b38,chr2,A,G,113185893,CTGGGTCTTAATGGTTTAGCAAAGGTCCTGAGCCCTTAGTTGCCTGGAGGCTTGAGTCCTGGGAGCCCGCTGTCTGCTGCCTCTGCAAGTGGGAGAGGTCACTGCCCGAGGGAGGACAGGGCATGCTGCCAGGCTCCAGGGGAGGAGCCCCAGGGAGGGAGCCTCTGGAGGTGGTGCCCAGGCCGTTCTCCTGCCTCCTGCCCTGTGCCCGCCTCACTTCATGTTCTTCCTCAGATGAGAGGGAGGGTGGACACCCCCAGGAATCTCTTCCCTGCACCTTGGCCCCCTGCCCCTGGAGGAGCCCAGCTTCTTCTCCAGAGCCTAGCAGCCCAGAATCTGAGAGCAGAGGCCCTGGTCCCAGGCCCAGCCCTGCATCGTCCCAGGAGGGCAGCCCGCAGCTTCAACACCACAGCTCAGGCATTTTGCCCAAGTGGACACTAGATGCTTCACAGTCTTCACTCTTGGAGACGGATGGGGAACAGCCAAGTTCCTTGAAGAAAA,CTGGGTCTTAATGGTTTAGCAAAGGTCCTGAGCCCTTAGTTGCCTGGAGGCTTGAGTCCTGGGAGCCCGCTGTCTGCTGCCTCTGCAAGTGGGAGAGGTCACTGCCCGAGGGAGGACAGGGCATGCTGCCAGGCTCCAGGGGAGGAGCCCCAGGGAGGGAGCCTCTGGAGGTGGTGCCCAGGCCGTTCTCCTGCCTCCTGCCCTGTGCCCGCCTCACTTCATGTTCTTCCTCAGATGAGAGGGAGGGTGGGCACCCCCAGGAATCTCTTCCCTGCACCTTGGCCCCCTGCCCCTGGAGGAGCCCAGCTTCTTCTCCAGAGCCTAGCAGCCCAGAATCTGAGAGCAGAGGCCCTGGTCCCAGGCCCAGCCCTGCATCGTCCCAGGAGGGCAGCCCGCAGCTTCAACACCACAGCTCAGGCATTTTGCCCAAGTGGACACTAGATGCTTCACAGTCTTCACTCTTGGAGACGGATGGGGAACAGCCAAGTTCCTTGAAGAAAA
